--
-- PostgreSQL database dump
--

\restrict fH3wgoyUkT1LycUEQXewuQCYZP1bHDUrk3YMwbPh1W4SDD5QSaALlwj8SGzk5he

-- Dumped from database version 16.13 (Ubuntu 16.13-0ubuntu0.24.04.1)
-- Dumped by pg_dump version 16.13 (Ubuntu 16.13-0ubuntu0.24.04.1)

SET statement_timeout = 0;
SET lock_timeout = 0;
SET idle_in_transaction_session_timeout = 0;
SET client_encoding = 'UTF8';
SET standard_conforming_strings = on;
SELECT pg_catalog.set_config('search_path', '', false);
SET check_function_bodies = false;
SET xmloption = content;
SET client_min_messages = warning;
SET row_security = off;

--
-- Data for Name: companies; Type: TABLE DATA; Schema: public; Owner: -
--

INSERT INTO public.companies VALUES ('745abfe6-5438-4eda-b916-edf2e482c017', 'Boston Dynamics', 'USA', 'robotics', 'https://www.bostondynamics.com', 'Leading robotics company known for advanced mobile robots', '2026-06-05 00:12:29.749928', '2026-06-05 00:12:29.749928', NULL, NULL, NULL, NULL, NULL);
INSERT INTO public.companies VALUES ('5f15c903-5393-42bb-bc31-1b00deacb922', 'Unitree Robotics', 'China', 'robotics', 'https://www.unitree.com', 'Quadruped and humanoid robot manufacturer', '2026-06-05 00:12:29.75935', '2026-06-05 00:12:29.75935', NULL, NULL, NULL, NULL, NULL);
INSERT INTO public.companies VALUES ('e00953cf-d9b2-4c6c-bc5e-c0700a7f3a89', 'Agility Robotics', 'USA', 'robotics', 'https://agilityrobotics.com', 'Creator of Digit humanoid robot for logistics', '2026-06-05 00:12:29.761152', '2026-06-05 00:12:29.761152', NULL, NULL, NULL, NULL, NULL);
INSERT INTO public.companies VALUES ('a1b2c3d4-0001-4000-8000-000000000001', 'Tesla', 'USA', 'robotics', 'https://www.tesla.com', 'Electric vehicle and robotics company developing Optimus humanoid robot', '2026-06-05 00:13:27.765794', '2026-06-05 00:13:27.765794', NULL, 'Austin', 2003, 'Electric vehicles and humanoid robots', NULL);
INSERT INTO public.companies VALUES ('a1b2c3d4-0002-4000-8000-000000000002', 'Figure AI', 'USA', 'robotics', 'https://www.figure.ai', 'AI robotics company developing general-purpose humanoid robots', '2026-06-05 00:13:27.765794', '2026-06-05 00:13:27.765794', NULL, 'Sunnyvale', 2022, 'Humanoid robots', 39000000000.00);
INSERT INTO public.companies VALUES ('a1b2c3d4-0003-4000-8000-000000000003', 'Apptronik', 'USA', 'robotics', 'https://apptronik.com', 'Developer of Apollo humanoid robot for industrial applications', '2026-06-05 00:13:27.765794', '2026-06-05 00:13:27.765794', NULL, 'Austin', 2016, 'Humanoid robots', 5000000000.00);
INSERT INTO public.companies VALUES ('a1b2c3d4-0004-4000-8000-000000000004', '1X Technologies', 'Norway', 'robotics', 'https://www.1x.tech', 'Norwegian robotics company developing NEO home humanoid robot, backed by OpenAI', '2026-06-05 00:13:27.765794', '2026-06-05 00:13:27.765794', NULL, 'Moss', 2014, 'Humanoid robots', NULL);
INSERT INTO public.companies VALUES ('a1b2c3d4-0005-4000-8000-000000000005', 'Agibot', 'China', 'robotics', 'https://www.agibot.com', 'Chinese humanoid robot manufacturer, global leader in shipment volume', '2026-06-05 00:13:27.765794', '2026-06-05 00:13:27.765794', NULL, 'Shanghai', 2023, 'Humanoid robots', NULL);


--
-- Data for Name: products; Type: TABLE DATA; Schema: public; Owner: -
--

INSERT INTO public.products VALUES ('f2be96b0-b3f0-46c6-a6a5-8957a6481573', '745abfe6-5438-4eda-b916-edf2e482c017', 'Spot', 'Spot', 'service', '2020-06-16', 'Industrial inspection, construction', 'available', '2026-06-05 00:12:29.762626', '2026-06-05 00:12:29.762626');
INSERT INTO public.products VALUES ('ba204780-d7b9-49ee-9cf1-c719ee601bc9', '745abfe6-5438-4eda-b916-edf2e482c017', 'Atlas', 'Atlas', 'humanoid', '2024-04-17', 'Research, automotive manufacturing', 'announced', '2026-06-05 00:12:29.765686', '2026-06-05 00:12:29.765686');
INSERT INTO public.products VALUES ('511c8a13-e9ce-4a98-94e0-a8cba23b45ca', '5f15c903-5393-42bb-bc31-1b00deacb922', 'G1', 'G', 'humanoid', '2024-05-13', 'Education, research, commercial', 'available', '2026-06-05 00:12:29.767027', '2026-06-05 00:12:29.767027');
INSERT INTO public.products VALUES ('31f7082c-0cfc-4929-8d46-e39676d92df0', 'e00953cf-d9b2-4c6c-bc5e-c0700a7f3a89', 'Digit', 'Digit', 'humanoid', '2023-10-18', 'Logistics, warehouse automation', 'available', '2026-06-05 00:12:29.768841', '2026-06-05 00:12:29.768841');
INSERT INTO public.products VALUES ('b1b2c3d4-0001-4000-8000-000000000001', 'a1b2c3d4-0001-4000-8000-000000000001', 'Optimus Gen 2', 'Optimus', 'humanoid', '2023-12-12', 'Factory automation, logistics', 'available', '2026-06-05 00:13:42.202401', '2026-06-05 00:13:42.202401');
INSERT INTO public.products VALUES ('b1b2c3d4-0002-4000-8000-000000000002', 'a1b2c3d4-0001-4000-8000-000000000001', 'Optimus Gen 3', 'Optimus', 'humanoid', '2026-01-15', 'Factory automation, mass production', 'announced', '2026-06-05 00:13:42.202401', '2026-06-05 00:13:42.202401');
INSERT INTO public.products VALUES ('b1b2c3d4-0003-4000-8000-000000000003', 'a1b2c3d4-0002-4000-8000-000000000002', 'Figure 02', 'Figure', 'humanoid', '2024-08-06', 'Manufacturing, logistics', 'available', '2026-06-05 00:13:42.202401', '2026-06-05 00:13:42.202401');
INSERT INTO public.products VALUES ('b1b2c3d4-0004-4000-8000-000000000004', 'a1b2c3d4-0002-4000-8000-000000000002', 'Figure 03', 'Figure', 'humanoid', '2025-02-24', 'Manufacturing, logistics, general purpose', 'available', '2026-06-05 00:13:42.202401', '2026-06-05 00:13:42.202401');
INSERT INTO public.products VALUES ('b1b2c3d4-0005-4000-8000-000000000005', '5f15c903-5393-42bb-bc31-1b00deacb922', 'H1', 'H', 'humanoid', '2023-08-15', 'Research, commercial', 'available', '2026-06-05 00:13:42.202401', '2026-06-05 00:13:42.202401');
INSERT INTO public.products VALUES ('b1b2c3d4-0006-4000-8000-000000000006', '5f15c903-5393-42bb-bc31-1b00deacb922', 'H2', 'H', 'humanoid', '2025-10-01', 'Commercial, research', 'available', '2026-06-05 00:13:42.202401', '2026-06-05 00:13:42.202401');
INSERT INTO public.products VALUES ('b1b2c3d4-0007-4000-8000-000000000007', 'a1b2c3d4-0003-4000-8000-000000000003', 'Apollo', 'Apollo', 'humanoid', '2023-08-22', 'Industrial, logistics', 'available', '2026-06-05 00:13:42.202401', '2026-06-05 00:13:42.202401');
INSERT INTO public.products VALUES ('b1b2c3d4-0008-4000-8000-000000000008', 'a1b2c3d4-0004-4000-8000-000000000004', 'NEO', 'NEO', 'humanoid', '2024-06-01', 'Home assistance, industrial', 'available', '2026-06-05 00:13:42.202401', '2026-06-05 00:13:42.202401');
INSERT INTO public.products VALUES ('b1b2c3d4-0009-4000-8000-000000000009', 'a1b2c3d4-0005-4000-8000-000000000005', 'Lingxi X1', 'Lingxi', 'humanoid', '2024-01-01', 'General purpose, industrial', 'available', '2026-06-05 00:13:42.202401', '2026-06-05 00:13:42.202401');
INSERT INTO public.products VALUES ('b1b2c3d4-0010-4000-8000-000000000010', 'a1b2c3d4-0005-4000-8000-000000000005', 'A2', 'A', 'humanoid', '2026-01-05', 'Commercial, industrial', 'announced', '2026-06-05 00:13:42.202401', '2026-06-05 00:13:42.202401');


--
-- Data for Name: articles; Type: TABLE DATA; Schema: public; Owner: -
--

INSERT INTO public.articles VALUES ('c1000001-0001-4000-8000-000000000001', NULL, 'a1b2c3d4-0001-4000-8000-000000000001', 'Tesla begins Optimus production at Fremont factory, targets 1M units/year capacity', 'Electrek', 'https://electrek.co/2026/04/22/tesla-optimus-production-fremont-model-sx-line/', '2026-04-22 00:00:00', 'Tesla will begin Optimus robot production at Fremont in late July/August 2026, converting the former Model S/X line. Initial output will be slow given 10,000 unique parts. A second-generation facility at Giga Texas targets 10M units/year long-term.', NULL, 'en', '9c0410f357207efcf106af45c79dc402', '2026-06-05 00:15:16.236041', '2026-06-05 00:15:16.236041', 'industry', 'robot', NULL, NULL);
INSERT INTO public.articles VALUES ('c1000001-0002-4000-8000-000000000002', NULL, 'a1b2c3d4-0001-4000-8000-000000000001', 'Tesla Optimus Gen 3 hands revealed: 22 DOF, 50 actuators with tactile fingertip sensors', 'Basenor', 'https://www.basenor.com/blogs/news/tesla-optimus-gen-3-hands-22-dof-50-actuators-explained', '2026-03-15 00:00:00', 'Gen 3 hands feature 22 degrees of freedom per hand, powered by 50 actuators total (25 per forearm/hand) - a 4.5x increase from Gen 2. Includes biomimetic tendon-driven design and tactile fingertip sensors for delicate object manipulation. Total robot DOF now 72+.', NULL, 'en', '20be676dcc4d6190458eaee69ec193a0', '2026-06-05 00:15:16.236041', '2026-06-05 00:15:16.236041', 'technology', 'robot', NULL, NULL);
INSERT INTO public.articles VALUES ('c1000001-0003-4000-8000-000000000003', NULL, 'a1b2c3d4-0001-4000-8000-000000000001', 'Tesla targets 10M Optimus units with new Texas plant, external sales to begin in 2026', 'The Robot Report', 'https://www.therobotreport.com/from-evs-to-robotics-tesla-targets-10m-optimus-units-with-new-texas-plant/', '2026-05-10 00:00:00', 'Tesla is breaking ground on a second-generation Optimus manufacturing facility at Giga Texas. Musk positions Optimus as highest-volume product ever, with initial external sales to begin in 2026.', NULL, 'en', 'c13c13897b6ff34dea7f24fd2682b946', '2026-06-05 00:15:16.236041', '2026-06-05 00:15:16.236041', 'industry', 'robot', NULL, NULL);
INSERT INTO public.articles VALUES ('c1000002-0001-4000-8000-000000000001', NULL, '745abfe6-5438-4eda-b916-edf2e482c017', 'Boston Dynamics unveils production-ready Atlas at CES 2026, all 2026 deployments committed', 'Engadget', 'https://www.engadget.com/big-tech/boston-dynamics-unveils-production-ready-version-of-atlas-robot-at-ces-2026-234047882.html', '2026-01-05 00:00:00', 'Boston Dynamics unveiled production version of electric Atlas at CES 2026. Specs: 7.5ft reach, 110lb lift capacity, -4 to 104°F operating range. All 2026 deployments fully committed to Hyundai RMAC and Google DeepMind.', NULL, 'en', '5725f5fa90803fcceae2be0bb0c5a7a9', '2026-06-05 00:15:16.236041', '2026-06-05 00:15:16.236041', 'product', 'robot', NULL, NULL);
INSERT INTO public.articles VALUES ('c1000002-0002-4000-8000-000000000002', NULL, '745abfe6-5438-4eda-b916-edf2e482c017', 'Boston Dynamics partners with Google DeepMind for Atlas foundation models', 'Boston Dynamics Blog', 'https://bostondynamics.com/blog/boston-dynamics-unveils-new-atlas-robot-to-revolutionize-industry/', '2026-01-05 00:00:00', 'Partnership with Google DeepMind to integrate cutting-edge foundation models into Atlas for enhanced cognitive capabilities. Atlas demonstrated whole-body control lifting 100lb fridge through RL training with millions of hours of simulation.', NULL, 'en', '74af21dcb57bd302d2539cfafa60c3be', '2026-06-05 00:15:16.236041', '2026-06-05 00:15:16.236041', 'technology', 'robot', NULL, NULL);
INSERT INTO public.articles VALUES ('c1000002-0003-4000-8000-000000000003', NULL, '745abfe6-5438-4eda-b916-edf2e482c017', 'Atlas robot demonstrates 100lb heavy lifting through AI-driven whole-body control', 'Robotics and Automation News', 'https://roboticsandautomationnews.com/2026/05/20/boston-dynamics-trains-atlas-humanoid-robot-to-pick-up-and-place-washing-machine/101759/', '2026-05-20 00:00:00', 'Atlas trained via reinforcement learning to lift and carry 100+ pound objects (washing machine, fridge). Practiced millions of simulated hours on GPUs with varying weight, friction, grip, and positioning conditions.', NULL, 'en', 'df5f3c456f172da3948022f38fe5c3b1', '2026-06-05 00:15:16.236041', '2026-06-05 00:15:16.236041', 'technology', 'robot', NULL, NULL);
INSERT INTO public.articles VALUES ('c1000003-0001-4000-8000-000000000001', NULL, 'a1b2c3d4-0002-4000-8000-000000000002', 'Figure AI ramps Figure 03 production to 1 robot per hour, 24x throughput improvement', 'The AI Insider', 'https://theaiinsider.tech/2026/05/01/figure-ai-ramps-up-production-to-one-humanoid-robot-per-hour/', '2026-05-01 00:00:00', 'Figure AI increased Figure 03 production from 1 unit/day to 1/hour in under 120 days - a 24x throughput improvement. Over 350 units delivered. BotQ manufacturing facility capable of 12,000 units/year.', NULL, 'en', 'a7a137591413bde5122dc3be9feb8ff2', '2026-06-05 00:15:16.236041', '2026-06-05 00:15:16.236041', 'industry', 'robot', NULL, NULL);
INSERT INTO public.articles VALUES ('c1000003-0002-4000-8000-000000000002', NULL, 'a1b2c3d4-0002-4000-8000-000000000002', 'Figure 02 contributed to production of 30,000 cars at BMW', 'Figure AI', 'https://www.figure.ai/news/production-at-bmw', '2026-04-15 00:00:00', 'Figure 02 robots contributed to the production of 30,000 cars at BMW Spartanburg plant, demonstrating sustained commercial deployment capability in automotive manufacturing.', NULL, 'en', 'ed6689d8470d829098f45a63b130c07b', '2026-06-05 00:15:16.236041', '2026-06-05 00:15:16.236041', 'industry', 'robot', NULL, NULL);
INSERT INTO public.articles VALUES ('c1000003-0003-4000-8000-000000000003', NULL, 'a1b2c3d4-0002-4000-8000-000000000002', 'Figure AI raises $1B+ Series C at $39B valuation, led by Parkway with Nvidia, Intel Capital', 'Forge Global', 'https://forgeglobal.com/insights/figure-ai-robotics-growth-2026/', '2025-12-15 00:00:00', 'Figure AI raised over $1 billion in Series C funding at approximately $39 billion valuation (15x YoY increase). Investors include Nvidia, Intel Capital, Qualcomm Ventures, and Salesforce.', NULL, 'en', 'b350a9f801a2063dcf68c0b4a45e052f', '2026-06-05 00:15:16.236041', '2026-06-05 00:15:16.236041', 'industry', 'robot', NULL, NULL);
INSERT INTO public.articles VALUES ('c1000004-0001-4000-8000-000000000001', NULL, '5f15c903-5393-42bb-bc31-1b00deacb922', 'Nvidia selects Unitree H2 for first robotics reference platform with Jetson Thor', 'CNBC', 'https://www.cnbc.com/2026/06/01/nvidia-unitree-humanoid-robotics-system-researchers.html', '2026-06-01 00:00:00', 'Nvidia selected Unitree H2 as its first commercial robotics system for researchers, combining the humanoid with Jetson Thor computing. Part of NVIDIA Isaac GR00T reference design initiative.', NULL, 'en', 'f8419a587a87b344a6fab4dcd599dccb', '2026-06-05 00:15:16.236041', '2026-06-05 00:15:16.236041', 'technology', 'robot', NULL, NULL);
INSERT INTO public.articles VALUES ('c1000004-0002-4000-8000-000000000002', NULL, '5f15c903-5393-42bb-bc31-1b00deacb922', 'Unitree targets 20,000 humanoid robot shipments in 2026, IPO mid-2026 at $580M', 'eWeek', 'https://www.eweek.com/news/unitree-20000-humanoid-robots-2026-china/', '2026-03-15 00:00:00', 'Unitree plans to ship 20,000 humanoid robots in 2026 (up from 5,500 in 2025). A-share IPO on track for mid-2026 at $580M target. Revenue grew 335% YoY in 2025 to ¥1.708B.', NULL, 'en', '46a315c017763974f5ec4c85b62d2e67', '2026-06-05 00:15:16.236041', '2026-06-05 00:15:16.236041', 'industry', 'robot', NULL, NULL);
INSERT INTO public.articles VALUES ('c1000004-0003-4000-8000-000000000003', NULL, '5f15c903-5393-42bb-bc31-1b00deacb922', 'Unitree G1 deployed at Tokyo Haneda Airport with Japan Airlines - first commercial airport humanoid', 'Unitree / Japan Airlines', 'https://blog.robozaps.com/b/unitree-g1-review', '2026-02-01 00:00:00', 'Unitree G1 deployed for baggage/cargo handling at Tokyo Haneda Airport in partnership with Japan Airlines and GMO Internet Group. First commercial airport deployment for a humanoid robot, trials through 2028.', NULL, 'en', 'e9ccc366048582d3b07cadfd39795118', '2026-06-05 00:15:16.236041', '2026-06-05 00:15:16.236041', 'industry', 'robot', NULL, NULL);
INSERT INTO public.articles VALUES ('c1000005-0001-4000-8000-000000000001', NULL, 'e00953cf-d9b2-4c6c-bc5e-c0700a7f3a89', 'Agility Robotics signs commercial RaaS agreement with Toyota Canada for Digit deployment', 'Robotics and Automation News', 'https://roboticsandautomationnews.com/2026/02/20/toyota-canada-to-deploy-agility-robotics-humanoid-digit-in-manufacturing-operations/99011/', '2026-02-20 00:00:00', 'Agility signed Robots-as-a-Service agreement with Toyota Motor Manufacturing Canada (Woodstock) for RAV4 logistics support. Starting with 3 units with expansion planned. 7+ commercial units now active.', NULL, 'en', '296bb64951e62191ab07f9906fdd2976', '2026-06-05 00:15:16.236041', '2026-06-05 00:15:16.236041', 'industry', 'robot', NULL, NULL);
INSERT INTO public.articles VALUES ('c1000005-0002-4000-8000-000000000002', NULL, 'e00953cf-d9b2-4c6c-bc5e-c0700a7f3a89', 'Digit surpasses 100,000 totes milestone at GXO facility, pursuing ISO functional safety certification', 'Agility Robotics', 'https://www.agilityrobotics.com/content/digit-moves-over-100k-totes', '2026-04-10 00:00:00', 'Digit moved over 100,000 totes at GXO Flowery Branch facility. ISO functional safety certification targeted for mid-to-late 2026 - would make Digit first humanoid cleared to work alongside humans without barriers.', NULL, 'en', 'e620faf799659dbca93ec2f734c1840e', '2026-06-05 00:15:16.236041', '2026-06-05 00:15:16.236041', 'industry', 'robot', NULL, NULL);
INSERT INTO public.articles VALUES ('c1000006-0001-4000-8000-000000000001', NULL, 'a1b2c3d4-0003-4000-8000-000000000003', 'Apptronik raises $520M at $5B valuation for Apollo robot, total Series A reaches $935M', 'CNBC', 'https://www.cnbc.com/2026/02/11/apptronik-raises-520-million-at-5-billion-valuation-for-apollo-robot.html', '2026-02-11 00:00:00', 'Apptronik raised $520M at $5B valuation, co-led by B Capital and Google. Total Series A funding now $935M. Partnerships with Mercedes-Benz, GXO Logistics, Jabil. Working with Google DeepMind on Gemini Robotics models for Apollo.', NULL, 'en', '1945aac1e96b2fc67065853c645cc9e1', '2026-06-05 00:15:16.236041', '2026-06-05 00:15:16.236041', 'industry', 'robot', NULL, NULL);
INSERT INTO public.articles VALUES ('c1000006-0002-4000-8000-000000000002', NULL, 'a1b2c3d4-0003-4000-8000-000000000003', 'Apptronik hires key executives from Waymo, Boston Dynamics, Amazon for Apollo commercialization', 'Yahoo Finance', 'https://finance.yahoo.com/sectors/technology/articles/apptronik-accelerates-commercialization-humanoid-robots-130000528.html', '2026-04-15 00:00:00', 'Strategic executive hires: Daniel Chu as CPO, alongside senior leaders from Waymo, Boston Dynamics, and Amazon. Plans to expand Austin operations, open California office, scale Apollo production. Expects $1B in orders starting 2027.', NULL, 'en', '16421b299d7d3ed72b4273cce728bba2', '2026-06-05 00:15:16.236041', '2026-06-05 00:15:16.236041', 'industry', 'robot', NULL, NULL);
INSERT INTO public.articles VALUES ('c1000007-0001-4000-8000-000000000001', NULL, 'a1b2c3d4-0004-4000-8000-000000000004', '1X Technologies opens California factory, first-year production sold out in 5 days', 'Tech Funding News', 'https://techfundingnews.com/openai-backed-1x-first-us-humanoid-factory-sold-out-production/', '2026-01-15 00:00:00', '1X opened 58,000 sq ft factory in Hayward, CA with 10,000 NEO unit/year capacity. Entire first-year production sold out within 5 days. Consumer shipments planned before end of 2026, targeting 100,000 units by end of 2027.', NULL, 'en', '62078b18cf08da56a5385a78973bb316', '2026-06-05 00:15:16.236041', '2026-06-05 00:15:16.236041', 'industry', 'robot', NULL, NULL);
INSERT INTO public.articles VALUES ('c1000007-0002-4000-8000-000000000002', NULL, 'a1b2c3d4-0004-4000-8000-000000000004', '1X strikes deal to deploy 10,000 NEO robots to EQT portfolio companies through 2030', 'TechCrunch', 'https://techcrunch.com/2025/12/11/1x-struck-a-deal-to-send-its-home-humanoids-to-factories-and-warehouses/', '2025-12-11 00:00:00', 'Deal to ship up to 10,000 NEO robots to EQT''s 300+ portfolio companies (2026-2030), focusing on manufacturing, warehousing, logistics. NEO priced at $20,000 or $499/month rental (6-month min).', NULL, 'en', '6ae60b018be3474b5922efee0231d586', '2026-06-05 00:15:16.236041', '2026-06-05 00:15:16.236041', 'industry', 'robot', NULL, NULL);
INSERT INTO public.articles VALUES ('c1000007-0003-4000-8000-000000000003', NULL, 'a1b2c3d4-0004-4000-8000-000000000004', '1X launches world model enabling NEO to learn tasks by watching videos', 'The Robot Report', 'https://www.therobotreport.com/1x-launches-world-model-enabling-neo-robot-to-learn-tasks-by-watching-videos/', '2026-03-01 00:00:00', 'AI update enables NEO to turn any request into an AI capability on demand using a video model grounded in real-world physics. Can perform tasks with objects and environments never encountered before.', NULL, 'en', '6bf03d4f63727a46cdf5ac3a9503f7fa', '2026-06-05 00:15:16.236041', '2026-06-05 00:15:16.236041', 'technology', 'robot', NULL, NULL);
INSERT INTO public.articles VALUES ('c1000008-0001-4000-8000-000000000001', NULL, 'a1b2c3d4-0005-4000-8000-000000000005', 'Agibot rolls out 10,000th humanoid robot, 5K to 10K in just 3 months', 'The Robot Report', 'https://www.therobotreport.com/agibot-rolls-out-10000th-humanoid-robot/', '2026-03-20 00:00:00', 'AGIBOT produced its 10,000th humanoid robot off Shanghai assembly line. Acceleration: ~2 years for first 1,000; 1 year from 1K-5K; only 3 months from 5K-10K. Ranked #1 globally in humanoid shipment volume.', NULL, 'en', '8ebc028b0de1967b3daedddcad36a4e2', '2026-06-05 00:15:16.236041', '2026-06-05 00:15:16.236041', 'industry', 'robot', NULL, NULL);
INSERT INTO public.articles VALUES ('c1000008-0002-4000-8000-000000000002', NULL, 'a1b2c3d4-0005-4000-8000-000000000005', 'LG Electronics CEO visits Agibot in Shanghai, explores mass production and data training collaboration', 'The Korea Herald', 'https://www.koreaherald.com/article/10694574', '2026-03-15 00:00:00', 'LG Electronics CEO Lyu Jae-cheol visited Agibot during 3-day Shanghai trip. Toured facilities, discussed mass production systems, data training infrastructure, and actuator supply chains. LG took equity stake in Agibot in Aug 2025.', NULL, 'en', '2f48b37ff3cb5b5dd4a0bc394ddd814f', '2026-06-05 00:15:16.236041', '2026-06-05 00:15:16.236041', 'industry', 'robot', NULL, NULL);
INSERT INTO public.articles VALUES ('c1000008-0003-4000-8000-000000000003', NULL, 'a1b2c3d4-0005-4000-8000-000000000005', 'Unitree-Agibot duopoly captures ~80% of China humanoid market, 94% output surge forecast for 2026', 'TrendForce', 'https://www.trendforce.com/presscenter/news/20260409-13007.html', '2026-04-09 00:00:00', 'TrendForce forecasts 94% surge in Chinese humanoid robot output for 2026. Unitree and Agibot combined projected to capture ~80% of Chinese shipments. Agibot entered US market at CES 2026 with A2, X2, G2, and D1 series.', NULL, 'en', '2125117bde1bffda3f9bcb1ddeded4ee', '2026-06-05 00:15:16.236041', '2026-06-05 00:15:16.236041', 'industry', 'robot', NULL, NULL);


--
-- Data for Name: ci_layers; Type: TABLE DATA; Schema: public; Owner: -
--

INSERT INTO public.ci_layers VALUES ('e1000001-0001-4000-8000-000000000001', 'hw', '하드웨어', '🔧', 1, '2026-06-05 00:15:49.763802');
INSERT INTO public.ci_layers VALUES ('e1000001-0002-4000-8000-000000000002', 'sw', 'SW/AI', '🤖', 2, '2026-06-05 00:15:49.763802');
INSERT INTO public.ci_layers VALUES ('e1000001-0003-4000-8000-000000000003', 'biz', '비즈니스', '💼', 3, '2026-06-05 00:15:49.763802');
INSERT INTO public.ci_layers VALUES ('e1000001-0004-4000-8000-000000000004', 'safety', '안전/규제', '🛡', 4, '2026-06-05 00:15:49.763802');


--
-- Data for Name: ci_categories; Type: TABLE DATA; Schema: public; Owner: -
--

INSERT INTO public.ci_categories VALUES ('f1000001-0001-4000-8000-000000000001', 'e1000001-0001-4000-8000-000000000001', '핵심 스펙', 1, '2026-06-05 00:15:49.769621');
INSERT INTO public.ci_categories VALUES ('f1000001-0002-4000-8000-000000000002', 'e1000001-0001-4000-8000-000000000001', '액추에이터/손', 2, '2026-06-05 00:15:49.769621');
INSERT INTO public.ci_categories VALUES ('f1000001-0003-4000-8000-000000000003', 'e1000001-0002-4000-8000-000000000002', 'AI 모델', 3, '2026-06-05 00:15:49.769621');
INSERT INTO public.ci_categories VALUES ('f1000001-0004-4000-8000-000000000004', 'e1000001-0003-4000-8000-000000000003', '펀딩/밸류에이션', 4, '2026-06-05 00:15:49.769621');
INSERT INTO public.ci_categories VALUES ('f1000001-0005-4000-8000-000000000005', 'e1000001-0003-4000-8000-000000000003', '양산/배포', 5, '2026-06-05 00:15:49.769621');
INSERT INTO public.ci_categories VALUES ('f1000001-0006-4000-8000-000000000006', 'e1000001-0003-4000-8000-000000000003', '파트너십', 6, '2026-06-05 00:15:49.769621');
INSERT INTO public.ci_categories VALUES ('f1000001-0007-4000-8000-000000000007', 'e1000001-0004-4000-8000-000000000004', '인증/규제', 7, '2026-06-05 00:15:49.769621');


--
-- Data for Name: ci_competitors; Type: TABLE DATA; Schema: public; Owner: -
--

INSERT INTO public.ci_competitors VALUES ('d1000001-0001-4000-8000-000000000001', 'optimus', 'Optimus Gen 3', 'Tesla', 'USA', 'pilot', NULL, 1, true, '2026-06-05 00:15:27.727051', '2026-06-05 00:15:27.727051');
INSERT INTO public.ci_competitors VALUES ('d1000001-0002-4000-8000-000000000002', 'atlas-electric', 'Atlas (Electric)', 'Boston Dynamics', 'USA', 'commercial', NULL, 2, true, '2026-06-05 00:15:27.727051', '2026-06-05 00:15:27.727051');
INSERT INTO public.ci_competitors VALUES ('d1000001-0003-4000-8000-000000000003', 'figure-03', 'Figure 03', 'Figure AI', 'USA', 'commercial', NULL, 3, true, '2026-06-05 00:15:27.727051', '2026-06-05 00:15:27.727051');
INSERT INTO public.ci_competitors VALUES ('d1000001-0004-4000-8000-000000000004', 'unitree-h2', 'H2', 'Unitree Robotics', 'China', 'commercial', NULL, 4, true, '2026-06-05 00:15:27.727051', '2026-06-05 00:15:27.727051');
INSERT INTO public.ci_competitors VALUES ('d1000001-0005-4000-8000-000000000005', 'digit', 'Digit', 'Agility Robotics', 'USA', 'commercial', NULL, 5, true, '2026-06-05 00:15:27.727051', '2026-06-05 00:15:27.727051');
INSERT INTO public.ci_competitors VALUES ('d1000001-0006-4000-8000-000000000006', 'apollo', 'Apollo', 'Apptronik', 'USA', 'pilot', NULL, 6, true, '2026-06-05 00:15:27.727051', '2026-06-05 00:15:27.727051');
INSERT INTO public.ci_competitors VALUES ('d1000001-0007-4000-8000-000000000007', 'neo', 'NEO', '1X Technologies', 'Norway', 'poc', NULL, 7, true, '2026-06-05 00:15:27.727051', '2026-06-05 00:15:27.727051');
INSERT INTO public.ci_competitors VALUES ('d1000001-0008-4000-8000-000000000008', 'agibot-a2', 'A2', 'Agibot', 'China', 'commercial', NULL, 8, true, '2026-06-05 00:15:27.727051', '2026-06-05 00:15:27.727051');


--
-- Data for Name: ci_items; Type: TABLE DATA; Schema: public; Owner: -
--

INSERT INTO public.ci_items VALUES ('a1000001-0001-4000-8000-000000000001', 'f1000001-0001-4000-8000-000000000001', 'DOF', 1, '2026-06-05 00:16:01.605633');
INSERT INTO public.ci_items VALUES ('a1000001-0002-4000-8000-000000000002', 'f1000001-0001-4000-8000-000000000001', '가반하중(kg)', 2, '2026-06-05 00:16:01.605633');
INSERT INTO public.ci_items VALUES ('a1000001-0003-4000-8000-000000000003', 'f1000001-0001-4000-8000-000000000001', '최대속도(m/s)', 3, '2026-06-05 00:16:01.605633');
INSERT INTO public.ci_items VALUES ('a1000001-0004-4000-8000-000000000004', 'f1000001-0001-4000-8000-000000000001', '연속동작시간(hr)', 4, '2026-06-05 00:16:01.605633');
INSERT INTO public.ci_items VALUES ('a1000001-0005-4000-8000-000000000005', 'f1000001-0002-4000-8000-000000000002', '손자유도(DOF)', 5, '2026-06-05 00:16:01.605633');
INSERT INTO public.ci_items VALUES ('a1000001-0006-4000-8000-000000000006', 'f1000001-0002-4000-8000-000000000002', '구동방식', 6, '2026-06-05 00:16:01.605633');
INSERT INTO public.ci_items VALUES ('a1000001-0007-4000-8000-000000000007', 'f1000001-0003-4000-8000-000000000003', '핵심AI모델', 7, '2026-06-05 00:16:01.605633');
INSERT INTO public.ci_items VALUES ('a1000001-0008-4000-8000-000000000008', 'f1000001-0003-4000-8000-000000000003', '추론플랫폼', 8, '2026-06-05 00:16:01.605633');
INSERT INTO public.ci_items VALUES ('a1000001-0009-4000-8000-000000000009', 'f1000001-0004-4000-8000-000000000004', '총펀딩', 9, '2026-06-05 00:16:01.605633');
INSERT INTO public.ci_items VALUES ('a1000001-0010-4000-8000-000000000010', 'f1000001-0004-4000-8000-000000000004', '최근밸류에이션', 10, '2026-06-05 00:16:01.605633');
INSERT INTO public.ci_items VALUES ('a1000001-0011-4000-8000-000000000011', 'f1000001-0005-4000-8000-000000000005', '양산상태', 11, '2026-06-05 00:16:01.605633');
INSERT INTO public.ci_items VALUES ('a1000001-0012-4000-8000-000000000012', 'f1000001-0005-4000-8000-000000000005', '연간생산능력', 12, '2026-06-05 00:16:01.605633');
INSERT INTO public.ci_items VALUES ('a1000001-0013-4000-8000-000000000013', 'f1000001-0005-4000-8000-000000000005', '배치대수', 13, '2026-06-05 00:16:01.605633');
INSERT INTO public.ci_items VALUES ('a1000001-0014-4000-8000-000000000014', 'f1000001-0006-4000-8000-000000000006', '주요고객/파트너', 14, '2026-06-05 00:16:01.605633');
INSERT INTO public.ci_items VALUES ('a1000001-0015-4000-8000-000000000015', 'f1000001-0006-4000-8000-000000000006', '기술파트너', 15, '2026-06-05 00:16:01.605633');
INSERT INTO public.ci_items VALUES ('a1000001-0016-4000-8000-000000000016', 'f1000001-0007-4000-8000-000000000007', '안전인증', 16, '2026-06-05 00:16:01.605633');
INSERT INTO public.ci_items VALUES ('a1000001-0017-4000-8000-000000000017', 'f1000001-0007-4000-8000-000000000007', '규제전략', 17, '2026-06-05 00:16:01.605633');


--
-- Data for Name: ci_values; Type: TABLE DATA; Schema: public; Owner: -
--

INSERT INTO public.ci_values VALUES ('90be2841-f25d-46cd-877c-a0662347b7f3', 'd1000001-0001-4000-8000-000000000001', 'a1000001-0001-4000-8000-000000000001', '72+ DOF (28 body + 22/hand x2)', 'A', 'Tesla Official, Basenor', 'https://www.basenor.com/blogs/news/tesla-optimus-gen-3-hands-22-dof-50-actuators-explained', '2026-03-15', NULL, '2026-06-05 00:18:29.99241', '2026-06-05 00:18:29.99241');
INSERT INTO public.ci_values VALUES ('eea7fd6e-bd6c-4009-a037-68273f6fb891', 'd1000001-0001-4000-8000-000000000001', 'a1000001-0002-4000-8000-000000000002', '20kg', 'A', 'Tesla Official', 'https://optimusk.blog/blog/tesla-optimus-gen-3/', '2026-01-15', NULL, '2026-06-05 00:18:29.99241', '2026-06-05 00:18:29.99241');
INSERT INTO public.ci_values VALUES ('1b8440ed-a6fd-4f00-8776-0ed2c13b4c12', 'd1000001-0001-4000-8000-000000000001', 'a1000001-0005-4000-8000-000000000005', '22 DOF/hand, 50 actuators, tactile fingertip sensors', 'A', 'Tesla Official', 'https://www.basenor.com/blogs/news/tesla-optimus-gen-3-hands-22-dof-50-actuators-explained', '2026-03-15', NULL, '2026-06-05 00:18:29.99241', '2026-06-05 00:18:29.99241');
INSERT INTO public.ci_values VALUES ('b7c44218-5455-428b-a6e9-e7e4d1f1f4bb', 'd1000001-0001-4000-8000-000000000001', 'a1000001-0011-4000-8000-000000000011', 'Fremont factory conversion Q3 2026', 'B', 'Electrek, The Robot Report', 'https://electrek.co/2026/04/22/tesla-optimus-production-fremont-model-sx-line/', '2026-04-22', NULL, '2026-06-05 00:18:29.99241', '2026-06-05 00:18:29.99241');
INSERT INTO public.ci_values VALUES ('48b099c0-d2c6-4249-96d8-f4106dbdb406', 'd1000001-0001-4000-8000-000000000001', 'a1000001-0012-4000-8000-000000000012', '1M/yr Fremont, 10M target Giga Texas', 'B', 'Electrek, The Robot Report', 'https://www.therobotreport.com/from-evs-to-robotics-tesla-targets-10m-optimus-units-with-new-texas-plant/', '2026-05-10', NULL, '2026-06-05 00:18:29.99241', '2026-06-05 00:18:29.99241');
INSERT INTO public.ci_values VALUES ('6b01ad05-98ac-4406-a4a0-5a00747eb979', 'd1000001-0001-4000-8000-000000000001', 'a1000001-0014-4000-8000-000000000014', 'Tesla internal (1000+ units), external sales 2026', 'B', 'Tesla, Programming Helper', 'https://www.programming-helper.com/tech/tesla-optimus-gen3-production-deployment-2026-factory-robots-revolution', '2026-05-01', NULL, '2026-06-05 00:18:29.99241', '2026-06-05 00:18:29.99241');
INSERT INTO public.ci_values VALUES ('2a003b26-ede5-4ba5-afd0-477766f9e946', 'd1000001-0002-4000-8000-000000000002', 'a1000001-0001-4000-8000-000000000001', '28+ DOF', 'B', 'BD, Engadget', 'https://www.engadget.com/big-tech/boston-dynamics-unveils-production-ready-version-of-atlas-robot-at-ces-2026-234047882.html', '2026-01-05', NULL, '2026-06-05 00:18:29.99241', '2026-06-05 00:18:29.99241');
INSERT INTO public.ci_values VALUES ('cef90f92-5e93-427b-8410-dbd38b743fd6', 'd1000001-0002-4000-8000-000000000002', 'a1000001-0002-4000-8000-000000000002', '50kg (110lbs)', 'A', 'Boston Dynamics Official', 'https://www.engadget.com/big-tech/boston-dynamics-unveils-production-ready-version-of-atlas-robot-at-ces-2026-234047882.html', '2026-01-05', NULL, '2026-06-05 00:18:29.99241', '2026-06-05 00:18:29.99241');
INSERT INTO public.ci_values VALUES ('a6b97f91-1909-4226-9730-d5baba03a68c', 'd1000001-0002-4000-8000-000000000002', 'a1000001-0011-4000-8000-000000000011', 'Production started, 2026 fully committed', 'A', 'BD Official, Automate.org', 'https://www.automate.org/robotics/industry-insights/boston-dynamics-to-begin-production-on-redesigned-atlas-humanoid-in-2026', '2026-01-05', NULL, '2026-06-05 00:18:29.99241', '2026-06-05 00:18:29.99241');
INSERT INTO public.ci_values VALUES ('9c5a6a9d-a4dd-45f5-bbf0-7c56803392ca', 'd1000001-0002-4000-8000-000000000002', 'a1000001-0014-4000-8000-000000000014', 'Hyundai RMAC, Google DeepMind', 'A', 'BD Official', 'https://bostondynamics.com/blog/boston-dynamics-unveils-new-atlas-robot-to-revolutionize-industry/', '2026-01-05', NULL, '2026-06-05 00:18:29.99241', '2026-06-05 00:18:29.99241');
INSERT INTO public.ci_values VALUES ('25b5f85c-df35-4084-9fdb-73d75a626e1a', 'd1000001-0002-4000-8000-000000000002', 'a1000001-0015-4000-8000-000000000015', 'Google DeepMind (foundation models)', 'A', 'BD Official', 'https://bostondynamics.com/blog/boston-dynamics-unveils-new-atlas-robot-to-revolutionize-industry/', '2026-01-05', NULL, '2026-06-05 00:18:29.99241', '2026-06-05 00:18:29.99241');
INSERT INTO public.ci_values VALUES ('0665afd4-aa63-486c-8efe-decc478a233d', 'd1000001-0002-4000-8000-000000000002', 'a1000001-0007-4000-8000-000000000007', 'RL whole-body control + DeepMind foundation models', 'B', 'BD Blog, R&A News', 'https://roboticsandautomationnews.com/2026/05/20/boston-dynamics-trains-atlas-humanoid-robot-to-pick-up-and-place-washing-machine/101759/', '2026-05-20', NULL, '2026-06-05 00:18:29.99241', '2026-06-05 00:18:29.99241');
INSERT INTO public.ci_values VALUES ('3a7b8c43-16c7-41bc-b3f8-da884be9e548', 'd1000001-0003-4000-8000-000000000003', 'a1000001-0009-4000-8000-000000000009', '$1B+ Series C', 'A', 'Forge Global', 'https://forgeglobal.com/insights/figure-ai-robotics-growth-2026/', '2025-12-15', NULL, '2026-06-05 00:18:29.99241', '2026-06-05 00:18:29.99241');
INSERT INTO public.ci_values VALUES ('1b770298-fe87-417a-9bc4-7cc6b75845f5', 'd1000001-0003-4000-8000-000000000003', 'a1000001-0010-4000-8000-000000000010', '$39B (15x YoY)', 'A', 'Forge Global', 'https://forgeglobal.com/insights/figure-ai-robotics-growth-2026/', '2025-12-15', NULL, '2026-06-05 00:18:29.99241', '2026-06-05 00:18:29.99241');
INSERT INTO public.ci_values VALUES ('77bd074a-49c0-4d66-bfac-1a3aabc5cb32', 'd1000001-0003-4000-8000-000000000003', 'a1000001-0011-4000-8000-000000000011', '1 unit/hour, 350+ delivered', 'A', 'Figure AI, The AI Insider', 'https://theaiinsider.tech/2026/05/01/figure-ai-ramps-up-production-to-one-humanoid-robot-per-hour/', '2026-05-01', NULL, '2026-06-05 00:18:29.99241', '2026-06-05 00:18:29.99241');
INSERT INTO public.ci_values VALUES ('ac670da5-d480-4da1-92d6-9fd4ccfceb14', 'd1000001-0003-4000-8000-000000000003', 'a1000001-0012-4000-8000-000000000012', '12,000/yr (BotQ facility)', 'A', 'Figure AI Official', 'https://www.figure.ai/news/botq', '2026-04-01', NULL, '2026-06-05 00:18:29.99241', '2026-06-05 00:18:29.99241');
INSERT INTO public.ci_values VALUES ('78694127-0d17-4f48-bca6-44494cac52e6', 'd1000001-0003-4000-8000-000000000003', 'a1000001-0014-4000-8000-000000000014', 'BMW (30,000 cars with F.02)', 'A', 'Figure AI Official', 'https://www.figure.ai/news/production-at-bmw', '2026-04-15', NULL, '2026-06-05 00:18:29.99241', '2026-06-05 00:18:29.99241');
INSERT INTO public.ci_values VALUES ('3cd698d3-bfc8-4aee-83c8-71022f390e4e', 'd1000001-0003-4000-8000-000000000003', 'a1000001-0007-4000-8000-000000000007', 'System 0 VLA (perception-conditioned whole-body)', 'A', 'Figure AI Official', 'https://www.figure.ai/news', '2026-03-01', NULL, '2026-06-05 00:18:29.99241', '2026-06-05 00:18:29.99241');
INSERT INTO public.ci_values VALUES ('c11190d4-cbe3-4985-adbe-f6d1a1708663', 'd1000001-0004-4000-8000-000000000004', 'a1000001-0011-4000-8000-000000000011', '20,000 units target 2026 (5,500 in 2025)', 'B', 'eWeek, TrendForce', 'https://www.eweek.com/news/unitree-20000-humanoid-robots-2026-china/', '2026-03-15', NULL, '2026-06-05 00:18:29.99241', '2026-06-05 00:18:29.99241');
INSERT INTO public.ci_values VALUES ('c99f177b-2669-4f56-a9b3-043d08bc74a4', 'd1000001-0004-4000-8000-000000000004', 'a1000001-0010-4000-8000-000000000010', 'IPO mid-2026 $580M target', 'B', 'eWeek, CNBC', 'https://www.eweek.com/news/unitree-20000-humanoid-robots-2026-china/', '2026-03-15', NULL, '2026-06-05 00:18:29.99241', '2026-06-05 00:18:29.99241');
INSERT INTO public.ci_values VALUES ('74ccebef-7ced-4649-8624-a6b2c31b9301', 'd1000001-0004-4000-8000-000000000004', 'a1000001-0015-4000-8000-000000000015', 'NVIDIA (Jetson Thor/GR00T), JAL, GMO Internet', 'B', 'CNBC', 'https://www.cnbc.com/2026/06/01/nvidia-unitree-humanoid-robotics-system-researchers.html', '2026-06-01', NULL, '2026-06-05 00:18:29.99241', '2026-06-05 00:18:29.99241');
INSERT INTO public.ci_values VALUES ('2c518895-972d-4638-894c-e0d45b53ba87', 'd1000001-0004-4000-8000-000000000004', 'a1000001-0014-4000-8000-000000000014', 'JAL Haneda Airport, universities, NVIDIA', 'B', 'CNBC, NVIDIA', 'https://nvidianews.nvidia.com/news/nvidia-open-humanoid-robot-reference-design', '2026-06-01', NULL, '2026-06-05 00:18:29.99241', '2026-06-05 00:18:29.99241');
INSERT INTO public.ci_values VALUES ('c7345dfc-8c6e-4dc2-89fb-ed5c9f8328b8', 'd1000001-0004-4000-8000-000000000004', 'a1000001-0008-4000-8000-000000000008', 'NVIDIA Jetson Thor, 2,070 TOPS', 'B', 'CNBC', 'https://www.cnbc.com/2026/06/01/nvidia-unitree-humanoid-robotics-system-researchers.html', '2026-06-01', NULL, '2026-06-05 00:18:29.99241', '2026-06-05 00:18:29.99241');
INSERT INTO public.ci_values VALUES ('f6e72756-033b-4be3-97ba-0d9f68e3b991', 'd1000001-0005-4000-8000-000000000005', 'a1000001-0011-4000-8000-000000000011', 'Commercial production, RoboFab 10K/yr capacity', 'A', 'Agility Official', 'https://www.agilityrobotics.com/', '2026-04-10', NULL, '2026-06-05 00:18:29.99241', '2026-06-05 00:18:29.99241');
INSERT INTO public.ci_values VALUES ('de51fc2c-ccc2-40cc-b56e-f9901d3022fe', 'd1000001-0005-4000-8000-000000000005', 'a1000001-0013-4000-8000-000000000013', '100,000+ totes, 7+ commercial units', 'A', 'Agility Official', 'https://www.agilityrobotics.com/content/digit-moves-over-100k-totes', '2026-04-10', NULL, '2026-06-05 00:18:29.99241', '2026-06-05 00:18:29.99241');
INSERT INTO public.ci_values VALUES ('f7bbb149-e6a1-45f3-9c8a-552724772d81', 'd1000001-0005-4000-8000-000000000005', 'a1000001-0014-4000-8000-000000000014', 'Toyota Canada (RaaS), GXO, Schaeffler, Amazon', 'A', 'Agility, R&A News', 'https://roboticsandautomationnews.com/2026/02/20/toyota-canada-to-deploy-agility-robotics-humanoid-digit-in-manufacturing-operations/99011/', '2026-02-20', NULL, '2026-06-05 00:18:29.99241', '2026-06-05 00:18:29.99241');
INSERT INTO public.ci_values VALUES ('5117bded-efbd-4659-8852-74f5f773fd1d', 'd1000001-0005-4000-8000-000000000005', 'a1000001-0016-4000-8000-000000000016', 'ISO safety cert targeted mid-late 2026', 'B', 'BeginnersinAI', 'https://beginnersinai.org/agility-robotics-digit-explained/', '2026-04-10', NULL, '2026-06-05 00:18:29.99241', '2026-06-05 00:18:29.99241');
INSERT INTO public.ci_values VALUES ('6d44688a-c804-4035-a315-b582a316fc3e', 'd1000001-0006-4000-8000-000000000006', 'a1000001-0009-4000-8000-000000000009', '$935M total Series A', 'A', 'CNBC', 'https://www.cnbc.com/2026/02/11/apptronik-raises-520-million-at-5-billion-valuation-for-apollo-robot.html', '2026-02-11', NULL, '2026-06-05 00:18:29.99241', '2026-06-05 00:18:29.99241');
INSERT INTO public.ci_values VALUES ('dd169935-3d12-4f80-9842-a7a00e040534', 'd1000001-0006-4000-8000-000000000006', 'a1000001-0010-4000-8000-000000000010', '$5B valuation', 'A', 'CNBC', 'https://www.cnbc.com/2026/02/11/apptronik-raises-520-million-at-5-billion-valuation-for-apollo-robot.html', '2026-02-11', NULL, '2026-06-05 00:18:29.99241', '2026-06-05 00:18:29.99241');
INSERT INTO public.ci_values VALUES ('d96020e6-381b-4af6-8a14-bbf74581da69', 'd1000001-0006-4000-8000-000000000006', 'a1000001-0014-4000-8000-000000000014', 'Mercedes-Benz, GXO Logistics, Jabil', 'A', 'CNBC', 'https://siliconangle.com/2026/02/11/apptronik-raises-520m-ramp-humanoid-apollo-robot-commercial-deployments/', '2026-02-11', NULL, '2026-06-05 00:18:29.99241', '2026-06-05 00:18:29.99241');
INSERT INTO public.ci_values VALUES ('7b2a1cb3-dbf4-4ebb-b977-5c60aa733693', 'd1000001-0006-4000-8000-000000000006', 'a1000001-0015-4000-8000-000000000015', 'Google DeepMind (Gemini Robotics)', 'A', 'CNBC', 'https://www.cnbc.com/2026/02/11/apptronik-raises-520-million-at-5-billion-valuation-for-apollo-robot.html', '2026-02-11', NULL, '2026-06-05 00:18:29.99241', '2026-06-05 00:18:29.99241');
INSERT INTO public.ci_values VALUES ('8b9a761f-0b8b-47ef-ac38-c2f85fea6dd7', 'd1000001-0007-4000-8000-000000000007', 'a1000001-0011-4000-8000-000000000011', 'Factory open, 10K/yr, SOLD OUT in 5 days', 'A', 'Tech Funding News', 'https://techfundingnews.com/openai-backed-1x-first-us-humanoid-factory-sold-out-production/', '2026-01-15', NULL, '2026-06-05 00:18:29.99241', '2026-06-05 00:18:29.99241');
INSERT INTO public.ci_values VALUES ('b6890386-403d-4e07-b002-793783dfa006', 'd1000001-0007-4000-8000-000000000007', 'a1000001-0014-4000-8000-000000000014', 'EQT (10K robots 2026-2030), consumer pre-orders', 'A', 'TechCrunch', 'https://techcrunch.com/2025/12/11/1x-struck-a-deal-to-send-its-home-humanoids-to-factories-and-warehouses/', '2025-12-11', NULL, '2026-06-05 00:18:29.99241', '2026-06-05 00:18:29.99241');
INSERT INTO public.ci_values VALUES ('cabc65b6-2160-459d-8405-fc5b10ab949c', 'd1000001-0007-4000-8000-000000000007', 'a1000001-0009-4000-8000-000000000009', '$130M+ raised, seeking $1B', 'B', 'Sacra', 'https://sacra.com/c/1x-technologies/', '2026-01-01', NULL, '2026-06-05 00:18:29.99241', '2026-06-05 00:18:29.99241');
INSERT INTO public.ci_values VALUES ('8f2be512-90eb-4526-aa52-46d9006901e7', 'd1000001-0007-4000-8000-000000000007', 'a1000001-0007-4000-8000-000000000007', 'World model (video-grounded physics)', 'A', 'The Robot Report', 'https://www.therobotreport.com/1x-launches-world-model-enabling-neo-robot-to-learn-tasks-by-watching-videos/', '2026-03-01', NULL, '2026-06-05 00:18:29.99241', '2026-06-05 00:18:29.99241');
INSERT INTO public.ci_values VALUES ('e76cb83f-4a3f-4abe-b3fe-175367698c34', 'd1000001-0008-4000-8000-000000000008', 'a1000001-0011-4000-8000-000000000011', '10,000 units produced, 5K to 10K in 3 months', 'A', 'The Robot Report', 'https://www.therobotreport.com/agibot-rolls-out-10000th-humanoid-robot/', '2026-03-20', NULL, '2026-06-05 00:18:29.99241', '2026-06-05 00:18:29.99241');
INSERT INTO public.ci_values VALUES ('ceefe8f2-5803-460a-bfdf-93f3f00bb304', 'd1000001-0008-4000-8000-000000000008', 'a1000001-0014-4000-8000-000000000014', 'LG Electronics (equity), global (US/EU/JP/KR/SEA/ME)', 'B', 'Korea Herald', 'https://www.koreaherald.com/article/10694574', '2026-03-15', NULL, '2026-06-05 00:18:29.99241', '2026-06-05 00:18:29.99241');
INSERT INTO public.ci_values VALUES ('bdbf8760-1d81-4241-bb9d-7d2feec55076', 'd1000001-0008-4000-8000-000000000008', 'a1000001-0015-4000-8000-000000000015', 'LG Electronics (actuator/data training)', 'B', 'Korea Herald', 'https://www.koreaherald.com/article/10694574', '2026-03-15', NULL, '2026-06-05 00:18:29.99241', '2026-06-05 00:18:29.99241');
INSERT INTO public.ci_values VALUES ('adceb9b4-810f-4df0-9683-58815c9a97af', 'd1000001-0008-4000-8000-000000000008', 'a1000001-0017-4000-8000-000000000017', 'CES 2026 US entry: A2/X2/G2/D1 series', 'B', 'TrendForce', 'https://www.trendforce.com/news/2026/01/06/news-china-to-showcase-humanoid-robots-at-ces-2026-led-by-unitree-and-agibot-ar-glasses-also-in-focus/', '2026-01-06', NULL, '2026-06-05 00:18:29.99241', '2026-06-05 00:18:29.99241');


--
-- Data for Name: competitive_alerts; Type: TABLE DATA; Schema: public; Owner: -
--

INSERT INTO public.competitive_alerts VALUES ('aa000001-0001-4000-8000-000000000001', NULL, 'mass_production', 'critical', '[Tesla] Optimus Fremont 양산라인 전환 확정 - Q3 2026 생산 시작', 'Tesla가 Model S/X 라인을 Optimus 로봇 양산라인으로 전환, 2026년 7-8월 생산 시작 예정. 연간 100만대 생산 목표. Giga Texas에 2세대 시설 착공하여 장기 1,000만대 목표.', '{"date": "Q3 2026", "event": "production_start", "company": "Tesla", "product": "Optimus Gen 3", "sources": ["Electrek", "The Robot Report"], "capacity": "1M/yr", "confidence": "B"}', false, NULL, NULL, '2026-06-05 00:19:10.763198');
INSERT INTO public.competitive_alerts VALUES ('aa000001-0002-4000-8000-000000000002', NULL, 'partnership', 'critical', '[Boston Dynamics] Google DeepMind 파트너십 + Atlas 2026년 배치 전량 확정', 'CES 2026에서 생산형 Atlas 공개. Google DeepMind와 파운데이션 모델 통합 파트너십 체결. 2026년 배치 물량 전량 Hyundai RMAC 및 Google DeepMind에 확정.', '{"event": "partnership_and_deployment", "company": "Boston Dynamics", "product": "Atlas Electric", "sources": ["Boston Dynamics Official", "Engadget"], "partners": ["Google DeepMind", "Hyundai"], "confidence": "A"}', false, NULL, NULL, '2026-06-05 00:19:10.763198');
INSERT INTO public.competitive_alerts VALUES ('aa000001-0003-4000-8000-000000000003', NULL, 'funding', 'critical', '[Figure AI] Series C $1B+ 유치, 밸류에이션 $39B (15배 증가)', 'Figure AI가 $1B+ Series C 펀딩 완료. 밸류에이션 $39B로 전년 대비 15배 성장. Nvidia, Intel Capital, Qualcomm Ventures 참여. Figure 03 시간당 1대 생산, BotQ 시설 12,000대/년.', '{"event": "series_c_funding", "amount": "$1B+", "company": "Figure AI", "product": "Figure 03", "sources": ["Forge Global", "BeginnersinAI"], "valuation": "$39B", "confidence": "A"}', false, NULL, NULL, '2026-06-05 00:19:10.763198');
INSERT INTO public.competitive_alerts VALUES ('aa000001-0004-4000-8000-000000000004', NULL, 'partnership', 'warning', '[Unitree] NVIDIA Jetson Thor 레퍼런스 로봇으로 선정, IPO 추진', 'Nvidia가 Unitree H2를 첫 로봇 레퍼런스 시스템으로 선정 (Jetson Thor + GR00T). JAL 하네다 공항 배치 (최초 공항 휴머노이드). IPO $580M 목표 mid-2026.', '{"event": "nvidia_partnership_ipo", "company": "Unitree", "product": "H2", "sources": ["CNBC", "eWeek"], "partners": ["NVIDIA", "Japan Airlines"], "confidence": "B", "ipo_target": "$580M"}', false, NULL, NULL, '2026-06-05 00:19:10.763198');
INSERT INTO public.competitive_alerts VALUES ('aa000001-0005-4000-8000-000000000005', NULL, 'partnership', 'warning', '[Agility] Toyota Canada RaaS 계약 체결, ISO 안전인증 추진', 'Toyota Motor Manufacturing Canada와 RaaS 계약 (RAV4 물류). GXO에서 100,000+ tote 처리 달성. ISO 기능안전 인증 2026 중후반 목표 (업계 최초 휴머노이드).', '{"event": "toyota_raas_iso_cert", "company": "Agility Robotics", "product": "Digit", "sources": ["Agility Official", "R&A News"], "partners": ["Toyota Canada", "GXO", "Amazon"], "confidence": "A"}', false, NULL, NULL, '2026-06-05 00:19:10.763198');
INSERT INTO public.competitive_alerts VALUES ('aa000001-0006-4000-8000-000000000006', NULL, 'funding', 'warning', '[Apptronik] $520M 추가 유치, $5B 밸류에이션, Google DeepMind 협력', 'Series A 총 $935M 확보 ($520M 추가), $5B 밸류에이션. Google DeepMind과 Gemini Robotics 모델 협력. Mercedes-Benz, GXO, Jabil 파트너십. 2027년 $1B 주문 기대.', '{"event": "funding_round", "total": "$935M", "amount": "$520M", "company": "Apptronik", "product": "Apollo", "sources": ["CNBC", "SiliconAngle"], "valuation": "$5B", "confidence": "A"}', false, NULL, NULL, '2026-06-05 00:19:10.763198');
INSERT INTO public.competitive_alerts VALUES ('aa000001-0007-4000-8000-000000000007', NULL, 'mass_production', 'warning', '[1X] NEO 첫해 생산량 5일만에 완판, EQT 10,000대 대규모 계약', 'Hayward CA 공장 10,000대/년 생산 능력. 첫해 물량 5일 만에 완판. EQT 포트폴리오 300+ 기업 대상 10,000대 배치 계약(2026-2030). NEO $20,000 or $499/month 렌탈.', '{"deal": "EQT 10K robots", "event": "production_sellout", "company": "1X Technologies", "product": "NEO", "sources": ["Tech Funding News", "TechCrunch"], "capacity": "10K/yr", "confidence": "A"}', false, NULL, NULL, '2026-06-05 00:19:10.763198');
INSERT INTO public.competitive_alerts VALUES ('aa000001-0008-4000-8000-000000000008', NULL, 'mass_production', 'critical', '[Agibot] 10,000번째 로봇 생산, LG전자 CEO 방문 협력 강화', 'Agibot이 10,000번째 휴머노이드 로봇 생산(3개월 만에 5K→10K). 글로벌 출하량 1위. LG전자 CEO 상하이 방문, 양산/데이터학습/액추에이터 협력 논의. CES 2026 미국 시장 진출.', '{"event": "10k_production_lg_partnership", "company": "Agibot", "product": "A2/X1", "sources": ["The Robot Report", "Korea Herald", "TrendForce"], "lg_visit": true, "confidence": "A/B", "units_produced": 10000}', false, NULL, NULL, '2026-06-05 00:19:10.763198');


--
-- Data for Name: keywords; Type: TABLE DATA; Schema: public; Owner: -
--

INSERT INTO public.keywords VALUES ('f08b12cc-cc26-48e1-a8b2-8febcc72c841', 'humanoid robot', 'en', 'technology', '2026-06-05 00:12:29.772961');
INSERT INTO public.keywords VALUES ('7bb009ee-dc71-4845-bcc2-bd5890832027', 'quadruped robot', 'en', 'technology', '2026-06-05 00:12:29.772961');
INSERT INTO public.keywords VALUES ('56d187bf-9bcd-42f4-9f4b-dfaf2c0d4fd3', 'warehouse automation', 'en', 'market', '2026-06-05 00:12:29.772961');
INSERT INTO public.keywords VALUES ('79a21dc5-4e4c-4159-a04f-ffa279fc821e', 'AI locomotion', 'en', 'technology', '2026-06-05 00:12:29.772961');
INSERT INTO public.keywords VALUES ('a59a10f8-33a3-4ff8-b083-75686e725fb4', '휴머노이드', 'ko', 'technology', '2026-06-05 00:12:29.772961');
INSERT INTO public.keywords VALUES ('c2f509b7-0d13-46a9-9e05-27de8db3bc2e', '물류 로봇', 'ko', 'market', '2026-06-05 00:12:29.772961');


--
-- Data for Name: keyword_stats; Type: TABLE DATA; Schema: public; Owner: -
--

INSERT INTO public.keyword_stats VALUES ('b9fd26b4-9fe2-4605-87e1-9a3eaee2ce75', 'f08b12cc-cc26-48e1-a8b2-8febcc72c841', 'week', '2026-05-31', '2026-06-06', 45, 12, 36.40, NULL, NULL, '2026-06-05 00:12:29.775412');
INSERT INTO public.keyword_stats VALUES ('f6f02ea0-a610-4699-8163-6ea11366f66c', '7bb009ee-dc71-4845-bcc2-bd5890832027', 'week', '2026-05-31', '2026-06-06', 28, 5, 21.70, NULL, NULL, '2026-06-05 00:12:29.775412');
INSERT INTO public.keyword_stats VALUES ('ff22807a-5a64-4589-bbd7-44bd71815312', '56d187bf-9bcd-42f4-9f4b-dfaf2c0d4fd3', 'week', '2026-05-31', '2026-06-06', 67, 23, 52.30, NULL, NULL, '2026-06-05 00:12:29.775412');
INSERT INTO public.keyword_stats VALUES ('fbb9fbdd-7a06-4a38-97f6-c98eb59009df', '79a21dc5-4e4c-4159-a04f-ffa279fc821e', 'week', '2026-05-31', '2026-06-06', 34, 8, 30.80, NULL, NULL, '2026-06-05 00:12:29.775412');
INSERT INTO public.keyword_stats VALUES ('2cfb6aff-b660-4864-95c0-6d1d393936c0', 'a59a10f8-33a3-4ff8-b083-75686e725fb4', 'week', '2026-05-31', '2026-06-06', 52, 15, 40.50, NULL, NULL, '2026-06-05 00:12:29.775412');
INSERT INTO public.keyword_stats VALUES ('d96ce978-ebb8-421d-a203-fca7ef5e25dc', 'c2f509b7-0d13-46a9-9e05-27de8db3bc2e', 'week', '2026-05-31', '2026-06-06', 41, 9, 28.10, NULL, NULL, '2026-06-05 00:12:29.775412');


--
-- Data for Name: product_specs; Type: TABLE DATA; Schema: public; Owner: -
--

INSERT INTO public.product_specs VALUES ('519c8331-5d2a-4298-9d1f-72f9ff170077', 'f2be96b0-b3f0-46c6-a6a5-8957a6481573', 12, 14.00, 1.60, 90, '[{"type": "camera", "model": "Stereo cameras"}, {"type": "lidar", "model": "360° LiDAR"}]', 'Proprietary', 'Spot SDK', 'Python, C++', 74500.00, 74500.00, 'USD', '2026-06-05 00:12:29.770705', '2026-06-05 00:12:29.770705', NULL, NULL, NULL, NULL, '{}');
INSERT INTO public.product_specs VALUES ('1c9a82bf-5a21-4cb3-8399-3adb36d99884', '511c8a13-e9ce-4a98-94e0-a8cba23b45ca', 23, 3.00, 2.00, 120, '[{"type": "camera", "model": "Intel RealSense D435"}, {"type": "imu", "model": "9-axis IMU"}]', 'Unitree SDK', 'Linux', 'Python, ROS2', 16000.00, 16000.00, 'USD', '2026-06-05 00:12:29.770705', '2026-06-05 00:12:29.770705', NULL, NULL, NULL, NULL, '{}');
INSERT INTO public.product_specs VALUES ('523e86d5-8baf-47e8-8941-5a6fd3a14b1e', '31f7082c-0cfc-4929-8d46-e39676d92df0', 30, 16.00, 1.50, 480, '[{"type": "camera", "model": "Stereo vision"}, {"type": "lidar", "model": "LiDAR"}]', 'Agility SDK', 'Linux', 'Python', 100000.00, 150000.00, 'USD', '2026-06-05 00:12:29.770705', '2026-06-05 00:12:29.770705', NULL, NULL, NULL, NULL, '{}');


--
-- PostgreSQL database dump complete
--

\unrestrict fH3wgoyUkT1LycUEQXewuQCYZP1bHDUrk3YMwbPh1W4SDD5QSaALlwj8SGzk5he

